time (s),angle (deg)
0.00,29.673
0.05,29.498
0.10,28.309
0.15,26.914
0.20,24.796
0.25,21.620
0.30,17.774
0.35,14.558
0.40,10.365
0.45,5.876
0.50,1.278
0.55,-3.391
0.60,-7.702
0.65,-12.153
0.70,-16.250
0.75,-19.660
0.80,-22.673
0.85,-24.950
0.90,-26.818
0.95,-28.203
1.00,-28.870
1.05,-29.519
1.10,-27.938
1.15,-27.006
1.20,-25.001
1.25,-22.692
1.30,-19.457
1.35,-15.862
1.40,-11.578
1.45,-7.741
1.50,-2.547
1.55,1.918
1.60,6.079
1.65,10.045
1.70,14.708
1.75,17.977
1.80,21.077
1.85,23.508
1.90,25.713
1.95,27.082
2.00,27.939
2.05,28.133
2.10,27.811
2.15,26.785
2.20,25.353
2.25,22.646
2.30,19.634
2.35,16.069
2.40,13.121
2.45,8.320
2.50,4.385
2.55,0.449
2.60,-4.699
2.65,-8.413
2.70,-12.675
2.75,-16.309
2.80,-19.137
2.85,-22.211
2.90,-24.769
2.95,-26.728
3.00,-27.240
3.05,-27.906
3.10,-27.714
3.15,-26.321
3.20,-24.745
3.25,-22.761
3.30,-20.134
3.35,-17.126
3.40,-14.189
3.45,-9.447
3.50,-5.817
3.55,-1.276
3.60,2.611
3.65,7.072
3.70,10.679
3.75,14.777
3.80,17.827
3.85,20.735
3.90,23.189
3.95,25.466
4.00,25.857
4.05,27.184
4.10,26.864
4.15,26.465
4.20,25.387
4.25,23.519
4.30,21.180
4.35,17.986
4.40,14.862
4.45,10.790
4.50,7.199
4.55,2.712
4.60,-1.266
4.65,-5.716
4.70,-9.013
4.75,-12.777
4.80,-16.485
4.85,-18.872
4.90,-21.485
4.95,-23.496
5.00,-25.126
5.05,-26.533
5.10,-26.325
5.15,-26.235
5.20,-25.209
5.25,-22.861
5.30,-20.694
5.35,-18.508
5.40,-15.186
5.45,-11.849
5.50,-7.987
5.55,-4.671
5.60,0.198
5.65,3.326
5.70,8.164
5.75,11.522
5.80,15.311
5.85,18.416
5.90,20.411
5.95,22.493
6.00,24.188
6.05,24.952
6.10,25.579
6.15,25.114
6.20,24.861
6.25,22.895
6.30,21.831
6.35,18.929
6.40,16.403
6.45,13.120
6.50,9.485
6.55,5.229
6.60,1.337
6.65,-2.836
6.70,-6.130
6.75,-9.551
6.80,-13.905
6.85,-16.548
6.90,-18.792
6.95,-21.979
7.00,-22.801
7.05,-24.437
7.10,-24.638
7.15,-24.912
7.20,-24.611
7.25,-23.259
7.30,-21.273
7.35,-19.493
7.40,-16.660
7.45,-13.361
7.50,-10.200
7.55,-6.510
7.60,-2.529
7.65,1.325
7.70,5.356
7.75,9.079
7.80,12.627
7.85,15.181
7.90,17.945
7.95,20.420
8.00,21.990
8.05,23.589
8.10,24.261
8.15,24.211
8.20,23.688
8.25,23.234
8.30,20.970
8.35,19.115
8.40,16.442
8.45,14.360
8.50,10.630
8.55,7.287
8.60,3.188
8.65,-0.208
8.70,-3.464
8.75,-6.971
8.80,-11.038
8.85,-14.455
8.90,-16.907
8.95,-18.751
9.00,-20.776
9.05,-22.995
9.10,-23.101
9.15,-23.547
9.20,-23.930
9.25,-22.860
9.30,-21.890
9.35,-19.960
9.40,-17.490
9.45,-14.640
9.50,-11.657
9.55,-7.961
9.60,-4.980
9.65,-1.311
9.70,2.609
9.75,5.935
9.80,9.586
9.85,13.315
9.90,15.385
9.95,18.001
10.00,20.069
10.05,21.923
10.10,23.012
10.15,23.196
10.20,23.092
10.25,22.398
10.30,21.688
10.35,20.024
10.40,17.321
10.45,14.653
10.50,12.043
10.55,8.831
10.60,5.359
10.65,1.722
10.70,-1.480
10.75,-5.010
10.80,-8.911
10.85,-11.472
10.90,-14.232
10.95,-16.728
11.00,-18.824
11.05,-21.211
11.10,-22.377
11.15,-22.574
11.20,-22.528
11.25,-22.208
11.30,-21.425
11.35,-19.844
11.40,-18.045
11.45,-14.806
11.50,-12.429
11.55,-9.753
11.60,-5.908
11.65,-2.794
11.70,0.283
11.75,4.092
11.80,7.329
11.85,10.612
11.90,13.354
11.95,16.420
12.00,18.000
12.05,19.585
12.10,21.381
12.15,21.935
12.20,22.525
12.25,21.562
12.30,20.589
12.35,19.895
12.40,17.344
12.45,15.422
12.50,12.610
12.55,9.472
12.60,7.142
12.65,3.460
12.70,-0.055
12.75,-3.226
12.80,-6.313
12.85,-9.902
12.90,-12.091
12.95,-14.599
13.00,-17.450
13.05,-18.688
13.10,-19.916
13.15,-21.052
13.20,-21.206
13.25,-21.182
13.30,-20.532
13.35,-18.999
13.40,-17.332
13.45,-15.338
13.50,-13.214
13.55,-9.999
13.60,-7.145
13.65,-3.780
13.70,-1.353
13.75,2.780
13.80,5.491
13.85,8.540
13.90,11.565
13.95,14.029
14.00,16.700
14.05,18.460
14.10,20.081
14.15,20.989
14.20,21.150
14.25,20.439
14.30,20.666
14.35,19.019
14.40,17.667
14.45,15.873
14.50,13.223
14.55,10.321
14.60,7.837
14.65,4.747
14.70,1.198
14.75,-1.906
14.80,-4.601
14.85,-7.909
14.90,-10.388
14.95,-13.430
15.00,-15.789
